step,action,reward,total_moves,move_ratio,total_senses,sense_ratio,distance_to_maximum_belief,distance_to_maximum_belief_reduction,belief_shannon_entropy,belief_shannon_entropy_reduction,success,failure
1,3,-0.024635982,1,1.0,0,0.0,20.0,-3.0,8.610849380493164,0.007536888122558594,0,0
2,1,0.008262145,2,1.0,0,0.0,1.0,1.0,8.600028038024902,0.010821342468261719,0,0
3,2,-0.008300251,3,1.0,0,0.0,4.0,-1.0,8.60064697265625,-0.0006189346313476562,0,0
4,1,0.008157374,4,1.0,0,0.0,8.0,1.0,8.598886489868164,0.0017604827880859375,0,0
5,0,0.00021472193,4,0.8,1,0.2,8.0,0.0,8.57357120513916,0.025315284729003906,0,0
6,2,-0.008310554,5,0.8333333333333334,1,0.16666666666666666,29.0,-1.0,8.575078964233398,-0.0015077590942382812,0,0
7,0,0.0003602063,5,0.7142857142857143,2,0.2857142857142857,29.0,0.0,8.53718376159668,0.03789520263671875,0,0
8,0,0.0003849558,5,0.625,3,0.375,29.0,0.0,8.497148513793945,0.040035247802734375,0,0
9,0,0.00036996772,5,0.5555555555555556,4,0.4444444444444444,29.0,0.0,8.458409309387207,0.03873920440673828,0,0
10,4,0.008061105,6,0.6,4,0.4,28.0,1.0,8.464977264404297,-0.006567955017089844,0,0
11,3,-0.008363568,7,0.6363636363636364,4,0.36363636363636365,29.0,-1.0,8.471065521240234,-0.0060882568359375,0,0
12,0,0.0004051406,7,0.5833333333333334,5,0.4166666666666667,29.0,0.0,8.429285049438477,0.04178047180175781,0,0
13,0,0.00035835558,7,0.5384615384615384,6,0.46153846153846156,29.0,0.0,8.391550064086914,0.0377349853515625,0,0
14,4,0.008046679,8,0.5714285714285714,6,0.42857142857142855,28.0,1.0,8.399368286132812,-0.007818222045898438,0,0
15,3,-0.008376681,9,0.6,6,0.4,29.0,-1.0,8.406587600708008,-0.0072193145751953125,0,0
16,0,0.00038288545,9,0.5625,7,0.4375,29.0,0.0,8.366731643676758,0.03985595703125,0,0
17,0,0.0003311591,9,0.5294117647058824,8,0.47058823529411764,29.0,0.0,8.331348419189453,0.03538322448730469,0,0
18,0,0.00029310887,9,0.5,9,0.5,29.0,0.0,8.29925537109375,0.032093048095703125,0,0
19,1,0.008028807,10,0.5263157894736842,9,0.47368421052631576,28.0,1.0,8.308622360229492,-0.009366989135742188,0,0
20,2,-0.008393355,11,0.55,9,0.45,29.0,-1.0,8.317279815673828,-0.008657455444335938,0,0
21,1,0.008046647,12,0.5714285714285714,9,0.42857142857142855,28.0,1.0,8.325105667114258,-0.007825851440429688,0,0
22,2,-0.008378725,13,0.5909090909090909,9,0.4090909090909091,29.0,-1.0,8.332496643066406,-0.0073909759521484375,0,0
23,0,0.00037242135,13,0.5652173913043478,10,0.43478260869565216,29.0,0.0,8.293545722961426,0.03895092010498047,0,0
24,1,0.008044553,14,0.5833333333333334,10,0.4166666666666667,28.0,1.0,8.301554679870605,-0.008008956909179688,0,0
25,2,-0.00838101,15,0.6,10,0.4,29.0,-1.0,8.309141159057617,-0.007586479187011719,0,0
26,1,0.008057561,16,0.6153846153846154,10,0.38461538461538464,28.0,1.0,8.31602668762207,-0.006885528564453125,0,0
27,0,0.0003755882,16,0.5925925925925926,11,0.4074074074074074,28.0,0.0,8.276802062988281,0.03922462463378906,0,0
28,2,-0.008382657,17,0.6071428571428571,11,0.39285714285714285,29.0,-1.0,8.284528732299805,-0.0077266693115234375,0,0
29,4,0.008055931,18,0.6206896551724138,11,0.3793103448275862,28.0,1.0,8.291557312011719,-0.0070285797119140625,0,0
30,3,-0.0083731115,19,0.6333333333333333,11,0.36666666666666664,29.0,-1.0,8.298457145690918,-0.006899833679199219,0,0
31,0,0.00037855658,19,0.6129032258064516,12,0.3870967741935484,29.0,0.0,8.258975982666016,0.039481163024902344,0,0
32,0,0.00031132228,19,0.59375,13,0.40625,29.0,0.0,8.225308418273926,0.033667564392089844,0,0
33,0,0.00026398478,19,0.5757575757575758,14,0.42424242424242425,29.0,0.0,8.195734024047852,0.02957439422607422,0,0
34,4,0.008029026,20,0.5882352941176471,14,0.4117647058823529,28.0,1.0,8.205092430114746,-0.009358406066894531,0,0
35,3,-0.00839574,21,0.6,14,0.4,29.0,-1.0,8.213945388793945,-0.008852958679199219,0,0
36,1,0.008041956,22,0.6111111111111112,14,0.3888888888888889,28.0,1.0,8.222187042236328,-0.008241653442382812,0,0
37,2,-0.008384849,23,0.6216216216216216,14,0.3783783783783784,29.0,-1.0,8.230096817016602,-0.007909774780273438,0,0
38,0,0.00031980572,23,0.6052631578947368,15,0.39473684210526316,29.0,0.0,8.195695877075195,0.03440093994140625,0,0
39,0,0.00026288343,23,0.5897435897435898,16,0.41025641025641024,29.0,0.0,8.166216850280762,0.029479026794433594,0,0
40,0,0.00022292421,23,0.575,17,0.425,29.0,0.0,8.140192985534668,0.02602386474609375,0,0
41,0,0.00019271488,23,0.5609756097560976,18,0.43902439024390244,29.0,0.0,8.116781234741211,0.02341175079345703,0,0
42,0,0.00016881435,23,0.5476190476190477,19,0.4523809523809524,29.0,0.0,8.095436096191406,0.021345138549804688,0,0
43,0,0.00014922625,23,0.5348837209302325,20,0.46511627906976744,29.0,0.0,8.075784683227539,0.019651412963867188,0,0
44,0,0.00013273739,23,0.5227272727272727,21,0.4772727272727273,29.0,0.0,8.0575590133667,0.018225669860839844,0,0
45,1,0.008002973,24,0.5333333333333333,21,0.4666666666666667,28.0,1.0,8.069177627563477,-0.011618614196777344,0,0
46,2,-0.008421023,25,0.5434782608695652,21,0.45652173913043476,29.0,-1.0,8.080208778381348,-0.011031150817871094,0,0
47,4,0.0080164345,26,0.5531914893617021,21,0.44680851063829785,28.0,1.0,8.090664863586426,-0.010456085205078125,0,0
48,3,-0.008409206,27,0.5625,21,0.4375,29.0,-1.0,8.100672721862793,-0.010007858276367188,0,0
49,0,0.00020939298,27,0.5510204081632653,22,0.4489795918367347,29.0,0.0,8.07581901550293,0.02485370635986328,0,0
50,4,0.008019061,28,0.56,22,0.44,28.0,1.0,8.086050033569336,-0.01023101806640625,0,0
51,3,-0.0084068915,29,0.5686274509803921,22,0.43137254901960786,29.0,-1.0,8.095855712890625,-0.009805679321289062,0,0
52,0,0.00021458852,29,0.5576923076923077,23,0.4423076923076923,29.0,0.0,8.070552825927734,0.025302886962890625,0,0
53,0,-0.0024696465,29,0.5471698113207547,24,0.4528301886792453,29.0,0.0,8.27734375,-0.20679092407226562,0,0
54,1,0.007940408,30,0.5555555555555556,24,0.4444444444444444,12.0,1.0,8.294378280639648,-0.017034530639648438,0,0
55,0,5.8895974e-05,30,0.5454545454545454,25,0.45454545454545453,12.0,0.0,8.282537460327148,0.0118408203125,0,0
56,2,-0.008476056,31,0.5535714285714286,25,0.44642857142857145,13.0,-1.0,8.298319816589355,-0.01578235626220703,0,0
57,1,0.007975219,32,0.5614035087719298,25,0.43859649122807015,12.0,1.0,8.312346458435059,-0.014026641845703125,0,0
58,0,0.00010218728,32,0.5517241379310345,26,0.4482758620689655,12.0,0.0,8.296762466430664,0.015583992004394531,0,0
59,0,0.0045663677,32,0.5423728813559322,27,0.4576271186440678,13.0,0.0,7.895183086395264,0.4015793800354004,0,0
60,0,-0.000814169,32,0.5333333333333333,28,0.4666666666666667,8.0,0.0,7.958831787109375,-0.06364870071411133,0,0
61,0,-0.0005997926,32,0.5245901639344263,29,0.47540983606557374,8.0,0.0,8.003944396972656,-0.04511260986328125,0,0
62,0,-0.00047412157,32,0.5161290322580645,30,0.4838709677419355,10.0,0.0,8.038190841674805,-0.03424644470214844,0,0
63,1,0.00787868,33,0.5238095238095238,30,0.47619047619047616,9.0,1.0,8.060568809509277,-0.022377967834472656,0,0
64,1,-0.008607795,34,0.53125,30,0.46875,10.0,-1.0,8.087736129760742,-0.027167320251464844,0,0
65,0,-0.00011454492,34,0.5230769230769231,31,0.47692307692307695,10.0,0.0,8.09089183807373,-0.0031557083129882812,0,0
66,2,0.007858099,35,0.5303030303030303,31,0.4696969696969697,9.0,1.0,8.11505126953125,-0.02415943145751953,0,0
67,3,0.00808801,36,0.5373134328358209,31,0.4626865671641791,8.0,1.0,8.119332313537598,-0.004281044006347656,0,0
68,3,0.008023318,37,0.5441176470588235,31,0.45588235294117646,7.0,1.0,8.129207611083984,-0.009875297546386719,0,0
69,2,0.008039772,38,0.5507246376811594,31,0.4492753623188406,6.0,1.0,8.13766098022461,-0.008453369140625,0,0
70,3,0.008012668,39,0.5571428571428572,31,0.44285714285714284,5.0,1.0,8.148458480834961,-0.010797500610351562,0,0
71,3,-0.024762865,40,0.5633802816901409,31,0.43661971830985913,7.0,-3.0,8.151744842529297,-0.0032863616943359375,0,0
72,1,0.008025986,41,0.5694444444444444,31,0.4305555555555556,4.0,1.0,8.161392211914062,-0.009647369384765625,0,0
73,0,-0.00030536053,41,0.5616438356164384,32,0.4383561643835616,4.0,0.0,8.181046485900879,-0.019654273986816406,0,0
74,0,-6.9368034e-05,41,0.5540540540540541,33,0.44594594594594594,11.0,0.0,8.180295944213867,0.0007505416870117188,0,0
75,0,6.04246e-06,41,0.5466666666666666,34,0.4533333333333333,13.0,0.0,8.173025131225586,0.00727081298828125,0,0
76,2,0.007958978,42,0.5526315789473685,34,0.4473684210526316,12.0,1.0,8.188468933105469,-0.015443801879882812,0,0
77,2,-0.008377593,43,0.5584415584415584,34,0.44155844155844154,13.0,-1.0,8.195722579956055,-0.0072536468505859375,0,0
78,1,0.007978616,44,0.5641025641025641,34,0.4358974358974359,12.0,1.0,8.20946979522705,-0.013747215270996094,0,0
79,2,-0.008413567,45,0.569620253164557,34,0.43037974683544306,13.0,-1.0,8.219832420349121,-0.010362625122070312,0,0
80,0,1.718261e-05,45,0.5625,35,0.4375,13.0,0.0,8.21159839630127,0.008234024047851562,0,0
81,3,-0.0082573565,46,0.5679012345679012,35,0.43209876543209874,14.0,-1.0,8.208453178405762,0.0031452178955078125,0,0
82,2,0.008096293,47,0.573170731707317,35,0.4268292682926829,14.0,1.0,8.212028503417969,-0.0035753250122070312,0,0
83,1,-0.008424762,48,0.5783132530120482,35,0.42168674698795183,15.0,-1.0,8.223356246948242,-0.011327743530273438,0,0
84,2,0.008055796,49,0.5833333333333334,35,0.4166666666666667,14.0,1.0,8.23043441772461,-0.0070781707763671875,0,0
85,3,0.008166301,50,0.5882352941176471,35,0.4117647058823529,13.0,1.0,8.227958679199219,0.002475738525390625,0,0
86,2,0.008192174,51,0.5930232558139535,35,0.4069767441860465,12.0,1.0,8.223246574401855,0.004712104797363281,0,0
87,2,0.008163174,52,0.5977011494252874,35,0.40229885057471265,11.0,1.0,8.22104263305664,0.0022039413452148438,0,0
88,2,0.008243336,53,0.6022727272727273,35,0.3977272727272727,10.0,1.0,8.211908340454102,0.009134292602539062,0,0
89,2,0.008097672,54,0.6067415730337079,35,0.39325842696629215,9.0,1.0,8.21536922454834,-0.0034608840942382812,0,0
90,4,0.008084191,55,0.6111111111111112,35,0.3888888888888889,8.0,1.0,8.219996452331543,-0.004627227783203125,0,0
91,2,0.008200134,56,0.6153846153846154,35,0.38461538461538464,7.0,1.0,8.214599609375,0.005396842956542969,0,0
92,2,0.008166292,57,0.6195652173913043,35,0.3804347826086957,6.0,1.0,8.212129592895508,0.0024700164794921875,0,0
93,4,-0.008223682,58,0.6236559139784946,35,0.3763440860215054,7.0,-1.0,8.206064224243164,0.00606536865234375,0,0
94,2,-0.008201762,59,0.6276595744680851,35,0.3723404255319149,5.0,-1.0,8.198102951049805,0.007961273193359375,0,0
95,2,0.008133888,60,0.631578947368421,35,0.3684210526315789,7.0,1.0,8.198436737060547,-0.0003337860107421875,0,0
96,2,0.008256869,61,0.6354166666666666,35,0.3645833333333333,6.0,1.0,8.188138008117676,0.010298728942871094,0,0
97,1,-0.008354861,62,0.6391752577319587,35,0.36082474226804123,7.0,-1.0,8.193411827087402,-0.0052738189697265625,0,0
98,1,-0.008317499,63,0.6428571428571429,35,0.35714285714285715,8.0,-1.0,8.195454597473145,-0.0020427703857421875,0,0
99,3,-0.008340428,64,0.6464646464646465,35,0.35353535353535354,9.0,-1.0,8.199479103088379,-0.004024505615234375,0,0
100,2,0.008101555,65,0.65,35,0.35,8.0,1.0,8.202611923217773,-0.0031328201293945312,0,0
101,3,-0.008276923,66,0.6534653465346535,35,0.3465346534653465,9.0,-1.0,8.201144218444824,0.0014677047729492188,0,0
102,3,-0.008149224,67,0.6568627450980392,35,0.3431372549019608,10.0,-1.0,8.188634872436523,0.012509346008300781,0,0
103,2,-0.00828498,68,0.6601941747572816,35,0.33980582524271846,11.0,-1.0,8.187862396240234,0.0007724761962890625,0,0
104,0,0.00037127102,68,0.6538461538461539,36,0.34615384615384615,11.0,0.0,8.14901351928711,0.038848876953125,0,0
105,1,0.008080715,69,0.6571428571428571,36,0.34285714285714286,12.0,1.0,8.153951644897461,-0.0049381256103515625,0,0
106,2,-0.008354516,70,0.660377358490566,36,0.33962264150943394,13.0,-1.0,8.159189224243164,-0.005237579345703125,0,0
107,2,-0.00819611,71,0.6635514018691588,36,0.3364485981308411,15.0,-1.0,8.15073013305664,0.008459091186523438,0,0
108,3,-0.00832474,72,0.6666666666666666,36,0.3333333333333333,16.0,-1.0,8.15339183807373,-0.0026617050170898438,0,0
109,2,-0.008333506,73,0.6697247706422018,36,0.3302752293577982,17.0,-1.0,8.156810760498047,-0.0034189224243164062,0,0
110,1,0.008095943,74,0.6727272727272727,36,0.32727272727272727,16.0,1.0,8.160435676574707,-0.0036249160766601562,0,0
111,2,-0.008337582,75,0.6756756756756757,36,0.32432432432432434,17.0,-1.0,8.164205551147461,-0.0037698745727539062,0,0
112,1,0.008101882,76,0.6785714285714286,36,0.32142857142857145,17.0,1.0,8.167318344116211,-0.00311279296875,0,0
113,2,-0.008334929,77,0.6814159292035398,36,0.3185840707964602,18.0,-1.0,8.170857429504395,-0.0035390853881835938,0,0
114,0,0.00029405224,77,0.6754385964912281,37,0.32456140350877194,18.0,0.0,8.13868522644043,0.032172203063964844,0,0
115,0,0.00020172968,77,0.6695652173913044,38,0.33043478260869563,19.0,0.0,8.114495277404785,0.02418994903564453,0,0
116,0,0.00014281746,77,0.6637931034482759,39,0.33620689655172414,19.0,0.0,8.095398902893066,0.01909637451171875,0,0
117,0,0.000103009486,77,0.6581196581196581,40,0.3418803418803419,19.0,0.0,8.079744338989258,0.015654563903808594,0,0
118,0,0.004590019,77,0.652542372881356,41,0.3474576271186441,19.0,0.0,7.676143169403076,0.40360116958618164,0,0
119,4,0.007878439,78,0.6554621848739496,41,0.3445378151260504,11.0,1.0,7.698579788208008,-0.02243661880493164,0,0
120,3,-0.008535132,79,0.6583333333333333,41,0.3416666666666667,12.0,-1.0,7.719423294067383,-0.020843505859375,0,0
121,4,0.0079313,80,0.6611570247933884,41,0.33884297520661155,11.0,1.0,7.737290859222412,-0.017867565155029297,0,0
122,2,-0.008502482,81,0.6639344262295082,41,0.3360655737704918,12.0,-1.0,7.75531005859375,-0.01801919937133789,0,0
123,1,0.0079698395,82,0.6666666666666666,41,0.3333333333333333,11.0,1.0,7.7698469161987305,-0.014536857604980469,0,0
124,2,-0.008483875,83,0.6693548387096774,41,0.33064516129032256,12.0,-1.0,7.786255836486816,-0.016408920288085938,0,0
125,1,0.007998131,84,0.672,41,0.328,11.0,1.0,7.7983479499816895,-0.012092113494873047,0,0
126,2,-0.008467373,85,0.6746031746031746,41,0.3253968253968254,12.0,-1.0,7.813328742980957,-0.014980792999267578,0,0
127,1,0.00801927,86,0.6771653543307087,41,0.3228346456692913,11.0,1.0,7.823594570159912,-0.010265827178955078,0,0
128,2,-0.008453299,87,0.6796875,41,0.3203125,12.0,-1.0,7.837357044219971,-0.013762474060058594,0,0
129,0,-0.00028414954,87,0.6744186046511628,42,0.32558139534883723,12.0,0.0,7.855175971984863,-0.017818927764892578,0,0
130,1,0.008012699,88,0.676923076923077,42,0.3230769230769231,11.0,1.0,7.866012096405029,-0.010836124420166016,0,0
131,1,0.008062823,89,0.6793893129770993,42,0.32061068702290074,10.0,1.0,7.8725152015686035,-0.006503105163574219,0,0
132,2,-0.0084294025,90,0.6818181818181818,42,0.3181818181818182,11.0,-1.0,7.884208679199219,-0.011693477630615234,0,0
133,3,-0.008408954,91,0.6842105263157895,42,0.3157894736842105,12.0,-1.0,7.894133567810059,-0.009924888610839844,0,0
134,1,0.00805347,92,0.6865671641791045,42,0.31343283582089554,11.0,1.0,7.901447296142578,-0.007313728332519531,0,0
135,2,-0.00841806,93,0.6888888888888889,42,0.3111111111111111,12.0,-1.0,7.912158012390137,-0.010710716247558594,0,0
136,4,0.0080439625,94,0.6911764705882353,42,0.3088235294117647,11.0,1.0,7.920295238494873,-0.008137226104736328,0,0
137,2,-0.008407245,95,0.6934306569343066,42,0.30656934306569344,12.0,-1.0,7.930069446563721,-0.009774208068847656,0,0
138,4,-0.008401833,96,0.6956521739130435,42,0.30434782608695654,13.0,-1.0,7.939374923706055,-0.009305477142333984,0,0
139,0,-0.0002325463,96,0.6906474820143885,43,0.30935251798561153,13.0,0.0,7.952732086181641,-0.013357162475585938,0,0
140,3,0.008035897,97,0.6928571428571428,43,0.30714285714285716,13.0,1.0,7.961569309234619,-0.008837223052978516,0,0
141,4,-0.00839852,98,0.6950354609929078,43,0.3049645390070922,14.0,-1.0,7.97058629989624,-0.009016990661621094,0,0
142,3,0.0080497125,99,0.6971830985915493,43,0.3028169014084507,13.0,1.0,7.9782304763793945,-0.007644176483154297,0,0
143,1,0.008075516,100,0.6993006993006993,43,0.3006993006993007,12.0,1.0,7.983644485473633,-0.005414009094238281,0,0
144,2,-0.008391276,101,0.7013888888888888,43,0.2986111111111111,13.0,-1.0,7.992033004760742,-0.008388519287109375,0,0
145,1,0.008077853,102,0.7034482758620689,43,0.296551724137931,12.0,1.0,7.997246265411377,-0.005213260650634766,0,0
146,3,-0.008361814,103,0.7054794520547946,43,0.2945205479452055,13.0,-1.0,8.00308609008789,-0.005839824676513672,0,0
147,0,9.1491136e-05,103,0.7006802721088435,44,0.29931972789115646,13.0,0.0,7.988427639007568,0.014658451080322266,0,0
148,4,0.0080490215,104,0.7027027027027027,44,0.2972972972972973,13.0,1.0,7.996135711669922,-0.007708072662353516,0,0
149,3,-0.008382979,105,0.7046979865771812,44,0.2953020134228188,14.0,-1.0,8.003803253173828,-0.00766754150390625,0,0
150,1,0.008073068,106,0.7066666666666667,44,0.29333333333333333,13.0,1.0,8.00943374633789,-0.0056304931640625,0,0
151,3,-0.008291397,107,0.7086092715231788,44,0.2913907284768212,14.0,-1.0,8.00918197631836,0.00025177001953125,0,0
152,3,-0.0082364185,108,0.7105263157894737,44,0.2894736842105263,16.0,-1.0,8.004176139831543,0.005005836486816406,0,0
153,3,-0.008150188,109,0.7124183006535948,44,0.2875816993464052,17.0,-1.0,7.9917144775390625,0.012461662292480469,0,0
154,2,-0.008334816,110,0.7142857142857143,44,0.2857142857142857,18.0,-1.0,7.995214462280273,-0.0034999847412109375,0,0
155,3,-0.008192132,111,0.7161290322580646,44,0.2838709677419355,19.0,-1.0,7.986377716064453,0.008836746215820312,0,0
156,2,-0.008343602,112,0.717948717948718,44,0.28205128205128205,20.0,-1.0,7.990635871887207,-0.004258155822753906,0,0
157,0,0.00012580295,112,0.7133757961783439,45,0.28662420382165604,20.0,0.0,7.973011016845703,0.017624855041503906,0,0
158,0,4.405468e-05,112,0.7088607594936709,46,0.2911392405063291,21.0,0.0,7.962453842163086,0.010557174682617188,0,0
159,1,0.008068446,113,0.710691823899371,46,0.2893081761006289,20.0,1.0,7.968490123748779,-0.006036281585693359,0,0
160,2,-0.008368708,114,0.7125,46,0.2875,21.0,-1.0,7.974915981292725,-0.0064258575439453125,0,0
161,1,0.008073029,115,0.7142857142857143,46,0.2857142857142857,20.0,1.0,7.980557441711426,-0.005641460418701172,0,0
162,4,0.008081824,116,0.7160493827160493,46,0.2839506172839506,19.0,1.0,7.985439300537109,-0.004881858825683594,0,0
163,2,-0.008359544,117,0.7177914110429447,46,0.2822085889570552,20.0,-1.0,7.991070747375488,-0.005631446838378906,0,0
164,3,-0.0083615715,118,0.7195121951219512,46,0.2804878048780488,21.0,-1.0,7.9968767166137695,-0.00580596923828125,0,0
165,1,0.008080203,119,0.7212121212121212,46,0.2787878787878788,20.0,1.0,8.001900672912598,-0.005023956298828125,0,0
166,2,-0.008358091,120,0.7228915662650602,46,0.27710843373493976,21.0,-1.0,8.007404327392578,-0.005503654479980469,0,0
167,1,0.008082889,121,0.7245508982035929,46,0.2754491017964072,20.0,1.0,8.012197494506836,-0.0047931671142578125,0,0
168,2,-0.008354588,122,0.7261904761904762,46,0.27380952380952384,21.0,-1.0,8.017396926879883,-0.005199432373046875,0,0
169,4,0.008087736,123,0.727810650887574,46,0.27218934911242604,20.0,1.0,8.021772384643555,-0.004375457763671875,0,0
170,3,-0.008353513,124,0.7294117647058823,46,0.27058823529411763,21.0,-1.0,8.026877403259277,-0.005105018615722656,0,0
171,1,0.008091194,125,0.7309941520467836,46,0.26900584795321636,20.0,1.0,8.03095531463623,-0.004077911376953125,0,0
172,4,0.0081006335,126,0.7325581395348837,46,0.26744186046511625,19.0,1.0,8.034217834472656,-0.0032625198364257812,0,0
173,3,-0.008346577,127,0.7341040462427746,46,0.2658959537572254,20.0,-1.0,8.038721084594727,-0.0045032501220703125,0,0
174,2,-0.0083476445,128,0.735632183908046,46,0.26436781609195403,21.0,-1.0,8.043315887451172,-0.0045948028564453125,0,0
175,1,0.008092461,129,0.7371428571428571,46,0.26285714285714284,20.0,1.0,8.047286987304688,-0.003971099853515625,0,0
176,2,-0.008345764,130,0.7386363636363636,46,0.26136363636363635,21.0,-1.0,8.051717758178711,-0.0044307708740234375,0,0
177,1,0.008095323,131,0.7401129943502824,46,0.2598870056497175,20.0,1.0,8.055442810058594,-0.0037250518798828125,0,0
178,2,-0.008343398,132,0.7415730337078652,46,0.25842696629213485,21.0,-1.0,8.059667587280273,-0.0042247772216796875,0,0
179,1,0.008097733,133,0.7430167597765364,46,0.2569832402234637,20.0,1.0,8.063185691833496,-0.0035181045532226562,0,0
180,2,-0.008341329,134,0.7444444444444445,46,0.25555555555555554,21.0,-1.0,8.067230224609375,-0.004044532775878906,0,0
181,4,0.008103287,135,0.7458563535911602,46,0.2541436464088398,20.0,1.0,8.070269584655762,-0.0030393600463867188,0,0
182,3,-0.008342427,136,0.7472527472527473,46,0.25274725274725274,21.0,-1.0,8.074407577514648,-0.004137992858886719,0,0
183,1,0.008105034,137,0.7486338797814208,46,0.25136612021857924,20.0,1.0,8.07729721069336,-0.0028896331787109375,0,0
184,2,-0.008339101,138,0.75,46,0.25,21.0,-1.0,8.081146240234375,-0.003849029541015625,0,0
185,0,8.481533e-05,138,0.745945945945946,47,0.25405405405405407,21.0,0.0,8.067065238952637,0.014081001281738281,0,0
186,4,0.008094369,139,0.7473118279569892,47,0.25268817204301075,20.0,1.0,8.070878982543945,-0.0038137435913085938,0,0
187,0,8.517951e-05,139,0.7433155080213903,48,0.25668449197860965,20.0,0.0,8.056766510009766,0.014112472534179688,0,0
188,4,0.008089543,140,0.7446808510638298,48,0.2553191489361702,19.0,1.0,8.060998916625977,-0.0042324066162109375,0,0
189,1,0.008100405,141,0.746031746031746,48,0.25396825396825395,18.0,1.0,8.064292907714844,-0.0032939910888671875,0,0
190,2,-0.008344909,142,0.7473684210526316,48,0.25263157894736843,19.0,-1.0,8.068639755249023,-0.0043468475341796875,0,0
191,3,-0.008340813,143,0.7486910994764397,48,0.2513089005235602,20.0,-1.0,8.0726318359375,-0.0039920806884765625,0,0
192,4,0.008095101,144,0.75,48,0.25,19.0,1.0,8.076386451721191,-0.0037546157836914062,0,0
193,3,-0.008338348,145,0.7512953367875648,48,0.24870466321243523,20.0,-1.0,8.080163955688477,-0.0037775039672851562,0,0
194,0,8.955944e-05,145,0.7474226804123711,49,0.25257731958762886,20.0,0.0,8.065672874450684,0.014491081237792969,0,0
195,0,6.3040796e-05,145,0.7435897435897436,50,0.2564102564102564,20.0,0.0,8.053474426269531,0.012198448181152344,0,0
196,1,0.008089089,146,0.7448979591836735,50,0.25510204081632654,19.0,1.0,8.057751655578613,-0.004277229309082031,0,0
197,3,-0.008343974,147,0.7461928934010152,50,0.25380710659898476,20.0,-1.0,8.062012672424316,-0.004261016845703125,0,0
198,2,-0.008343596,148,0.7474747474747475,50,0.25252525252525254,21.0,-1.0,8.066240310668945,-0.004227638244628906,0,0
199,0,5.4028616e-05,148,0.7437185929648241,51,0.2562814070351759,21.0,0.0,8.054821014404297,0.011419296264648438,0,0
200,1,0.008089617,149,0.745,51,0.255,20.0,1.0,8.05905532836914,-0.00423431396484375,0,0
201,2,-0.008343301,150,0.746268656716418,51,0.2537313432835821,21.0,-1.0,8.063255310058594,-0.004199981689453125,0,0
202,4,0.008093693,151,0.7475247524752475,51,0.2524752475247525,20.0,1.0,8.067138671875,-0.00388336181640625,0,0
203,1,0.008099194,152,0.7487684729064039,51,0.2512315270935961,19.0,1.0,8.070547103881836,-0.0034084320068359375,0,0
204,1,0.008103648,153,0.75,51,0.25,18.0,1.0,8.07357120513916,-0.0030241012573242188,0,0
205,2,-0.008335634,154,0.751219512195122,51,0.24878048780487805,19.0,-1.0,8.077105522155762,-0.0035343170166015625,0,0
206,3,-0.008337109,155,0.7524271844660194,51,0.24757281553398058,20.0,-1.0,8.080766677856445,-0.0036611557006835938,0,0
207,0,0.00013718235,155,0.748792270531401,52,0.25120772946859904,20.0,0.0,8.062158584594727,0.01860809326171875,0,0
208,2,-0.008340954,156,0.75,52,0.25,21.0,-1.0,8.066150665283203,-0.0039920806884765625,0,0
209,4,0.008095171,157,0.7511961722488039,52,0.24880382775119617,20.0,1.0,8.069911003112793,-0.0037603378295898438,0,0
210,4,0.008097518,158,0.7523809523809524,52,0.24761904761904763,19.0,1.0,8.073469161987305,-0.0035581588745117188,0,0
211,1,0.008105227,159,0.7535545023696683,52,0.24644549763033174,18.0,1.0,8.076361656188965,-0.0028924942016601562,0,0
212,0,0.00016468398,159,0.75,53,0.25,18.0,0.0,8.055376052856445,0.02098560333251953,0,0
213,2,-0.008342672,160,0.7511737089201878,53,0.24882629107981222,19.0,-1.0,8.059513092041016,-0.0041370391845703125,0,0
214,1,0.00809563,161,0.7523364485981309,53,0.24766355140186916,18.0,1.0,8.063237190246582,-0.0037240982055664062,0,0
215,1,0.008109704,162,0.7534883720930232,53,0.24651162790697675,17.0,1.0,8.06574535369873,-0.0025081634521484375,0,0
216,2,-0.008339773,163,0.7546296296296297,53,0.24537037037037038,18.0,-1.0,8.069629669189453,-0.0038843154907226562,0,0
217,2,-0.008338535,164,0.7557603686635944,53,0.24423963133640553,19.0,-1.0,8.073406219482422,-0.00377655029296875,0,0
218,0,7.141502e-05,164,0.7522935779816514,54,0.24770642201834864,19.0,0.0,8.060483932495117,0.012922286987304688,0,0
219,1,0.008095053,165,0.7534246575342466,54,0.2465753424657534,18.0,1.0,8.064261436462402,-0.0037775039672851562,0,0
220,0,0.00011930228,165,0.75,55,0.25,18.0,0.0,8.047199249267578,0.01706218719482422,0,0
221,1,0.008095443,166,0.751131221719457,55,0.248868778280543,17.0,1.0,8.050944328308105,-0.0037450790405273438,0,0
222,2,-0.008342845,167,0.7522522522522522,55,0.24774774774774774,18.0,-1.0,8.055089950561523,-0.004145622253417969,0,0
223,0,9.8696e-05,167,0.7488789237668162,56,0.25112107623318386,18.0,0.0,8.039809226989746,0.015280723571777344,0,0
224,0,7.044468e-05,167,0.7455357142857143,57,0.2544642857142857,18.0,0.0,8.026970863342285,0.012838363647460938,0,0
225,2,-0.008348717,168,0.7466666666666667,57,0.25333333333333335,20.0,-1.0,8.031621932983398,-0.004651069641113281,0,0
226,0,1.2684287e-05,168,0.7433628318584071,58,0.25663716814159293,19.0,0.0,8.02377700805664,0.007844924926757812,0,0
227,0,4.7416597e-06,168,0.7400881057268722,59,0.2599118942731278,20.0,0.0,8.016618728637695,0.0071582794189453125,0,0
228,1,0.008083145,169,0.7412280701754386,59,0.25877192982456143,20.0,1.0,8.021431922912598,-0.004813194274902344,0,0
229,2,-0.008348794,170,0.74235807860262,59,0.2576419213973799,21.0,-1.0,8.026086807250977,-0.004654884338378906,0,0
230,0,1.3213844e-05,170,0.7391304347826086,60,0.2608695652173913,21.0,0.0,8.018196105957031,0.007890701293945312,0,0
231,3,-0.008349208,171,0.7402597402597403,60,0.2597402597402597,22.0,-1.0,8.0228853225708,-0.004689216613769531,0,0
232,1,0.00808695,172,0.7413793103448276,60,0.25862068965517243,21.0,1.0,8.027372360229492,-0.004487037658691406,0,0
233,2,-0.008345496,173,0.7424892703862661,60,0.2575107296137339,22.0,-1.0,8.031739234924316,-0.004366874694824219,0,0
234,0,2.1277927e-05,173,0.7393162393162394,61,0.2606837606837607,22.0,0.0,8.023151397705078,0.008587837219238281,0,0
235,3,-0.008346008,174,0.7404255319148936,61,0.25957446808510637,23.0,-1.0,8.02756118774414,-0.0044097900390625,0,0
236,0,1.0886266e-05,174,0.7372881355932204,62,0.2627118644067797,23.0,0.0,8.019871711730957,0.007689476013183594,0,0
237,1,0.008088379,175,0.7383966244725738,62,0.2616033755274262,22.0,1.0,8.024238586425781,-0.004366874694824219,0,0
238,0,5.5641296e-05,175,0.7352941176470589,63,0.2647058823529412,22.0,0.0,8.012680053710938,0.01155853271484375,0,0
239,0,3.9127102e-05,175,0.7322175732217573,64,0.26778242677824265,22.0,0.0,8.002549171447754,0.010130882263183594,0,0
240,2,-0.008347915,176,0.7333333333333333,64,0.26666666666666666,23.0,-1.0,8.007120132446289,-0.004570960998535156,0,0
241,4,0.008087761,177,0.7344398340248963,64,0.26556016597510373,22.0,1.0,8.011543273925781,-0.0044231414794921875,0,0
242,3,-0.0083449185,178,0.7355371900826446,64,0.2644628099173554,23.0,-1.0,8.015853881835938,-0.00431060791015625,0,0
243,1,0.0080907885,179,0.7366255144032922,64,0.26337448559670784,22.0,1.0,8.02001667022705,-0.004162788391113281,0,0
244,4,0.008093102,180,0.7377049180327869,64,0.26229508196721313,21.0,1.0,8.023980140686035,-0.003963470458984375,0,0
245,2,-0.008340873,181,0.7387755102040816,64,0.2612244897959184,22.0,-1.0,8.027938842773438,-0.003958702087402344,0,0
246,1,0.008095633,182,0.7398373983739838,64,0.2601626016260163,21.0,1.0,8.031684875488281,-0.00374603271484375,0,0
247,2,-0.008338783,183,0.7408906882591093,64,0.2591093117408907,22.0,-1.0,8.03546142578125,-0.00377655029296875,0,0
248,0,3.7020407e-05,183,0.7379032258064516,65,0.2620967741935484,22.0,0.0,8.0255126953125,0.00994873046875,0,0
249,3,-0.008340431,184,0.7389558232931727,65,0.26104417670682734,24.0,-1.0,8.029430389404297,-0.003917694091796875,0,0
250,1,0.008095345,185,0.74,65,0.26,23.0,1.0,8.033204078674316,-0.0037736892700195312,0,0
251,3,-0.008338287,186,0.7410358565737052,65,0.2589641434262948,24.0,-1.0,8.036934852600098,-0.00373077392578125,0,0
252,4,0.008097744,187,0.7420634920634921,65,0.25793650793650796,23.0,1.0,8.040502548217773,-0.0035676956176757812,0,0
253,4,0.008100554,188,0.7430830039525692,65,0.25691699604743085,22.0,1.0,8.043828010559082,-0.0033254623413085938,0,0
254,2,-0.008334758,189,0.7440944881889764,65,0.2559055118110236,23.0,-1.0,8.04725170135498,-0.0034236907958984375,0,0
255,1,0.008102236,190,0.7450980392156863,65,0.2549019607843137,22.0,1.0,8.050433158874512,-0.00318145751953125,0,0
256,0,0.00011113201,190,0.7421875,66,0.2578125,22.0,0.0,8.034077644348145,0.016355514526367188,0,0
257,2,-0.008337089,191,0.7431906614785992,66,0.25680933852140075,23.0,-1.0,8.037700653076172,-0.0036230087280273438,0,0
258,0,3.3170687e-05,191,0.7403100775193798,67,0.2596899224806202,23.0,0.0,8.028084754943848,0.009615898132324219,0,0
259,4,0.008096024,192,0.7413127413127413,67,0.25868725868725867,22.0,1.0,8.031805992126465,-0.0037212371826171875,0,0
260,0,3.684434e-05,192,0.7384615384615385,68,0.26153846153846155,22.0,0.0,8.021872520446777,0.0099334716796875,0,0
261,3,-0.008340012,193,0.7394636015325671,68,0.26053639846743293,23.0,-1.0,8.025745391845703,-0.0038728713989257812,0,0
262,0,1.8972865e-05,193,0.7366412213740458,69,0.2633587786259542,23.0,0.0,8.017356872558594,0.008388519287109375,0,0
263,1,0.008093938,194,0.7376425855513308,69,0.2623574144486692,22.0,1.0,8.021261215209961,-0.0039043426513671875,0,0
264,2,-0.008339464,195,0.7386363636363636,69,0.26136363636363635,23.0,-1.0,8.025084495544434,-0.0038232803344726562,0,0
265,1,0.008096856,196,0.7396226415094339,69,0.26037735849056604,22.0,1.0,8.028738021850586,-0.0036535263061523438,0,0
266,2,-0.008337174,197,0.7406015037593985,69,0.2593984962406015,23.0,-1.0,8.03236198425293,-0.00362396240234375,0,0
267,0,3.0048961e-05,197,0.7378277153558053,70,0.26217228464419473,23.0,0.0,8.023015975952148,0.00934600830078125,0,0
268,1,0.008096538,198,0.7388059701492538,70,0.26119402985074625,22.0,1.0,8.02669906616211,-0.0036830902099609375,0,0
269,2,-0.008337331,199,0.7397769516728625,70,0.26022304832713755,23.0,-1.0,8.03033447265625,-0.003635406494140625,0,0
270,4,0.008098694,200,0.7407407407407407,70,0.25925925925925924,23.0,1.0,8.033832550048828,-0.003498077392578125,0,0
271,0,4.370659e-05,200,0.7380073800738007,71,0.26199261992619927,23.0,0.0,8.023305892944336,0.010526657104492188,0,0
272,0,2.6430633e-05,200,0.7352941176470589,72,0.2647058823529412,23.0,0.0,8.014272689819336,0.009033203125,0,0
273,1,0.008094504,201,0.7362637362637363,72,0.26373626373626374,22.0,1.0,8.018135070800781,-0.0038623809814453125,0,0
274,0,6.574854e-05,201,0.7335766423357665,73,0.2664233576642336,22.0,0.0,8.00570297241211,0.012432098388671875,0,0
275,2,-0.008342191,202,0.7345454545454545,73,0.26545454545454544,23.0,-1.0,8.009754180908203,-0.00405120849609375,0,0
276,0,1.059987e-05,202,0.7318840579710145,74,0.26811594202898553,23.0,0.0,8.002089500427246,0.007664680480957031,0,0
277,0,2.414151e-06,202,0.7292418772563177,75,0.27075812274368233,23.0,0.0,7.9951324462890625,0.006957054138183594,0,0
278,0,-4.2050456e-06,202,0.7266187050359713,76,0.2733812949640288,23.0,0.0,7.988747596740723,0.006384849548339844,0,0
279,0,-9.69898e-06,202,0.7240143369175627,77,0.27598566308243727,22.0,0.0,7.982837677001953,0.005909919738769531,0,0
280,0,-1.4398635e-05,202,0.7214285714285714,78,0.2785714285714286,22.0,0.0,7.977334022521973,0.005503654479980469,0,0
281,1,0.008085449,203,0.7224199288256228,78,0.2775800711743772,21.0,1.0,7.981984615325928,-0.004650592803955078,0,0
282,2,-0.008347428,204,0.723404255319149,78,0.2765957446808511,22.0,-1.0,7.986483573913574,-0.004498958587646484,0,0
283,3,-0.008345754,205,0.7243816254416962,78,0.2756183745583039,23.0,-1.0,7.990837097167969,-0.004353523254394531,0,0
284,0,-7.669134e-06,205,0.721830985915493,79,0.27816901408450706,23.0,0.0,7.9847517013549805,0.006085395812988281,0,0
285,1,0.008089261,206,0.7228070175438597,79,0.2771929824561403,22.0,1.0,7.989075660705566,-0.0043239593505859375,0,0
286,3,-0.008344086,207,0.7237762237762237,79,0.2762237762237762,23.0,-1.0,7.993282794952393,-0.004207134246826172,0,0
287,4,0.008092322,208,0.7247386759581882,79,0.27526132404181186,22.0,1.0,7.99734354019165,-0.0040607452392578125,0,0
288,2,-0.008341488,209,0.7256944444444444,79,0.2743055555555556,23.0,-1.0,8.001324653625488,-0.003981113433837891,0,0
289,0,6.2864483e-06,209,0.7231833910034602,80,0.2768166089965398,23.0,0.0,7.994032859802246,0.0072917938232421875,0,0
290,0,-2.0924458e-06,209,0.7206896551724138,81,0.2793103448275862,23.0,0.0,7.9874653816223145,0.006567478179931641,0,0
291,1,0.008091505,210,0.7216494845360825,81,0.27835051546391754,22.0,1.0,7.9915995597839355,-0.004134178161621094,0,0
292,2,-0.0083421385,211,0.7226027397260274,81,0.2773972602739726,23.0,-1.0,7.995634078979492,-0.004034519195556641,0,0
293,1,0.008094334,212,0.7235494880546075,81,0.2764505119453925,22.0,1.0,7.99952507019043,-0.0038909912109375,0,0
294,2,-0.008339789,213,0.7244897959183674,81,0.2755102040816326,23.0,-1.0,8.003355026245117,-0.0038299560546875,0,0
295,0,1.0434581e-05,213,0.7220338983050848,82,0.27796610169491526,23.0,0.0,7.995704650878906,0.0076503753662109375,0,0
296,0,1.3440695e-06,213,0.7195945945945946,83,0.28040540540540543,22.0,0.0,7.988840103149414,0.0068645477294921875,0,0
297,0,-5.6503422e-06,213,0.7171717171717171,84,0.2828282828282828,22.0,0.0,7.982580184936523,0.006259918212890625,0,0
298,0,-1.1342966e-05,213,0.714765100671141,85,0.28523489932885904,22.0,0.0,7.976812362670898,0.005767822265625,0,0
299,0,-1.6169583e-05,213,0.7123745819397993,86,0.28762541806020064,22.0,0.0,7.971461772918701,0.005350589752197266,0,0
300,4,0.00808936,214,0.7133333333333334,86,0.2866666666666667,21.0,1.0,7.97578763961792,-0.00432586669921875,0,0
301,0,-4.7677886e-06,214,0.7109634551495017,87,0.28903654485049834,21.0,0.0,7.969451427459717,0.006336212158203125,0,0
302,1,0.008089408,215,0.7119205298013245,87,0.28807947019867547,20.0,1.0,7.973774433135986,-0.004323005676269531,0,0
303,2,-0.008344392,216,0.7128712871287128,87,0.2871287128712871,21.0,-1.0,7.977995872497559,-0.004221439361572266,0,0
304,1,0.008092431,217,0.7138157894736842,87,0.28618421052631576,20.0,1.0,7.982059001922607,-0.004063129425048828,0,0
305,1,0.008096129,218,0.7147540983606557,87,0.28524590163934427,19.0,1.0,7.985803127288818,-0.0037441253662109375,0,0
306,0,9.840074e-05,218,0.7124183006535948,88,0.2875816993464052,19.0,0.0,7.970548629760742,0.015254497528076172,0,0
307,2,-0.008344282,219,0.7133550488599348,88,0.28664495114006516,20.0,-1.0,7.974757671356201,-0.004209041595458984,0,0
308,3,-0.008342906,220,0.7142857142857143,88,0.2857142857142857,21.0,-1.0,7.978847026824951,-0.00408935546875,0,0
309,4,0.0080935685,221,0.7152103559870551,88,0.284789644012945,20.0,1.0,7.982815265655518,-0.003968238830566406,0,0
310,2,-0.008340711,222,0.7161290322580646,88,0.2838709677419355,21.0,-1.0,7.986713409423828,-0.003898143768310547,0,0
311,0,1.1278726e-05,222,0.7138263665594855,89,0.2861736334405145,21.0,0.0,7.978990077972412,0.007723331451416016,0,0
312,0,2.3425257e-06,222,0.7115384615384616,90,0.28846153846153844,22.0,0.0,7.972039222717285,0.006950855255126953,0,0
313,0,-4.5582287e-06,222,0.7092651757188498,91,0.29073482428115016,22.0,0.0,7.96568489074707,0.006354331970214844,0,0
314,0,-1.0118552e-05,222,0.7070063694267515,92,0.2929936305732484,22.0,0.0,7.959811210632324,0.005873680114746094,0,0
315,1,0.008088763,223,0.707936507936508,92,0.2920634920634921,21.0,1.0,7.964199066162109,-0.004387855529785156,0,0
316,2,-0.008345064,224,0.7088607594936709,92,0.2911392405063291,22.0,-1.0,7.968469142913818,-0.004270076751708984,0,0
317,1,0.008091824,225,0.7097791798107256,92,0.2902208201892745,21.0,1.0,7.972593784332275,-0.004124641418457031,0,0
318,2,-0.008342537,226,0.710691823899371,92,0.2893081761006289,22.0,-1.0,7.976644039154053,-0.004050254821777344,0,0
319,0,5.9060208e-06,226,0.7084639498432602,93,0.29153605015673983,22.0,0.0,7.969385147094727,0.007258892059326172,0,0
320,0,-2.1531816e-06,226,0.70625,94,0.29375,22.0,0.0,7.962822914123535,0.006562232971191406,0,0
321,0,-8.381014e-06,226,0.7040498442367601,95,0.29595015576323985,22.0,0.0,7.956799030303955,0.006023883819580078,0,0
322,3,-0.0083463825,227,0.7049689440993789,95,0.2950310559006211,23.0,-1.0,7.961178779602051,-0.004379749298095703,0,0
323,0,-1.7609702e-05,227,0.7027863777089783,96,0.29721362229102166,23.0,0.0,7.9559526443481445,0.00522613525390625,0,0
324,4,0.00808941,228,0.7037037037037037,96,0.2962962962962963,22.0,1.0,7.960290908813477,-0.004338264465332031,0,0
325,0,-6.5992967e-06,228,0.7015384615384616,97,0.29846153846153844,22.0,0.0,7.954113006591797,0.0061779022216796875,0,0
326,1,0.008089415,229,0.7024539877300614,97,0.29754601226993865,21.0,1.0,7.958452224731445,-0.0043392181396484375,0,0
327,2,-0.0083447965,230,0.7033639143730887,97,0.2966360856269113,22.0,-1.0,7.962691307067871,-0.004239082336425781,0,0
328,1,0.0080922665,231,0.7042682926829268,97,0.29573170731707316,21.0,1.0,7.966785430908203,-0.004094123840332031,0,0
329,2,-0.008342424,232,0.7051671732522796,97,0.2948328267477204,22.0,-1.0,7.970818042755127,-0.004032611846923828,0,0
330,1,0.00809476,233,0.706060606060606,97,0.29393939393939394,22.0,1.0,7.974698066711426,-0.003880023956298828,0,0
331,2,-0.008340373,234,0.7069486404833837,97,0.2930513595166163,23.0,-1.0,7.978551864624023,-0.0038537979125976562,0,0
332,0,1.6469798e-05,234,0.7048192771084337,98,0.29518072289156627,23.0,0.0,7.970379829406738,0.008172035217285156,0,0
333,3,-0.008341349,235,0.7057057057057057,98,0.29429429429429427,24.0,-1.0,7.974316596984863,-0.003936767578125,0,0
334,4,0.008095293,236,0.7065868263473054,98,0.2934131736526946,23.0,1.0,7.978153228759766,-0.0038366317749023438,0,0
335,0,1.5829952e-05,236,0.7044776119402985,99,0.2955223880597015,23.0,0.0,7.970036506652832,0.008116722106933594,0,0
336,0,6.1433207e-06,236,0.7023809523809523,100,0.2976190476190476,23.0,0.0,7.962757110595703,0.007279396057128906,0,0
337,1,0.00809267,237,0.7032640949554896,100,0.29673590504451036,22.0,1.0,7.966822624206543,-0.004065513610839844,0,0
338,2,-0.00834192,238,0.7041420118343196,100,0.2958579881656805,23.0,-1.0,7.9708051681518555,-0.0039825439453125,0,0
339,1,0.008095267,239,0.7050147492625368,100,0.2949852507374631,22.0,1.0,7.974647521972656,-0.0038423538208007812,0,0
340,2,-0.0083398465,240,0.7058823529411765,100,0.29411764705882354,23.0,-1.0,7.97844934463501,-0.0038018226623535156,0,0
341,0,1.795936e-05,240,0.7038123167155426,101,0.2961876832844575,23.0,0.0,7.97014856338501,0.00830078125,0,0
342,1,0.008095132,241,0.7046783625730995,101,0.2953216374269006,22.0,1.0,7.974004745483398,-0.003856182098388672,0,0
343,2,-0.008339866,242,0.7055393586005831,101,0.2944606413994169,23.0,-1.0,7.977806091308594,-0.0038013458251953125,0,0
344,3,-0.008338831,243,0.7063953488372093,101,0.2936046511627907,24.0,-1.0,7.981517314910889,-0.003711223602294922,0,0
345,1,0.008098195,244,0.7072463768115942,101,0.2927536231884058,23.0,1.0,7.985110759735107,-0.00359344482421875,0,0
346,2,-0.008337083,245,0.708092485549133,101,0.29190751445086704,24.0,-1.0,7.988669395446777,-0.003558635711669922,0,0
347,4,0.008099756,246,0.7089337175792507,101,0.2910662824207493,23.0,1.0,7.992129325866699,-0.003459930419921875,0,0
348,0,3.513749e-05,246,0.7068965517241379,102,0.29310344827586204,23.0,0.0,7.982343673706055,0.009785652160644531,0,0
349,0,2.1616861e-05,246,0.7048710601719198,103,0.29512893982808025,23.0,0.0,7.973726749420166,0.008616924285888672,0,0
350,1,0.008096261,247,0.7057142857142857,103,0.29428571428571426,22.0,1.0,7.9774909019470215,-0.0037641525268554688,0,0
351,2,-0.008338829,248,0.7065527065527065,103,0.2934472934472934,24.0,-1.0,7.981196880340576,-0.0037059783935546875,0,0
352,3,-0.008337823,249,0.7073863636363636,103,0.29261363636363635,25.0,-1.0,7.9848151206970215,-0.0036182403564453125,0,0
353,1,0.008099292,250,0.7082152974504249,103,0.29178470254957506,24.0,1.0,7.988319396972656,-0.0035042762756347656,0,0
354,0,5.8670732e-05,250,0.7062146892655368,104,0.2937853107344633,24.0,0.0,7.976499557495117,0.011819839477539062,0,0
355,3,-0.008338322,251,0.7070422535211267,104,0.29295774647887324,25.0,-1.0,7.980158805847168,-0.0036592483520507812,0,0
356,1,0.008098516,252,0.7078651685393258,104,0.29213483146067415,24.0,1.0,7.983732223510742,-0.0035734176635742188,0,0
357,4,0.008100158,253,0.7086834733893558,104,0.2913165266106443,23.0,1.0,7.987164497375488,-0.0034322738647460938,0,0
358,2,-0.0083356,254,0.7094972067039106,104,0.2905027932960894,24.0,-1.0,7.990586280822754,-0.003421783447265625,0,0
359,2,-0.008335061,255,0.7103064066852368,104,0.28969359331476324,25.0,-1.0,7.993960857391357,-0.0033745765686035156,0,0
360,4,0.008101892,256,0.7111111111111111,104,0.28888888888888886,24.0,1.0,7.9972453117370605,-0.003284454345703125,0,0
361,0,4.2965796e-05,256,0.7091412742382271,105,0.29085872576177285,24.0,0.0,7.986783027648926,0.010462284088134766,0,0
362,0,2.8452034e-05,256,0.7071823204419889,106,0.292817679558011,24.0,0.0,7.977575302124023,0.009207725524902344,0,0
363,1,0.008098121,257,0.7079889807162535,106,0.29201101928374656,23.0,1.0,7.98118782043457,-0.003612518310546875,0,0
364,0,6.478355e-05,257,0.7060439560439561,107,0.29395604395604397,23.0,0.0,7.968839645385742,0.012348175048828125,0,0
365,2,-0.008339767,258,0.7068493150684931,107,0.29315068493150687,24.0,-1.0,7.972616672515869,-0.003777027130126953,0,0
366,1,0.008097516,259,0.7076502732240437,107,0.2923497267759563,23.0,1.0,7.976283550262451,-0.0036668777465820312,0,0
367,2,-0.008337925,260,0.7084468664850136,107,0.29155313351498635,24.0,-1.0,7.979899883270264,-0.0036163330078125,0,0
368,1,0.008099657,261,0.7092391304347826,107,0.2907608695652174,23.0,1.0,7.9833831787109375,-0.003483295440673828,0,0
369,2,-0.008336315,262,0.7100271002710027,107,0.2899728997289973,24.0,-1.0,7.98685884475708,-0.003475666046142578,0,0
370,1,0.008101548,263,0.7108108108108108,107,0.2891891891891892,23.0,1.0,7.990180015563965,-0.0033211708068847656,0,0
371,2,-0.008334881,264,0.7115902964959568,107,0.2884097035040431,24.0,-1.0,7.9935302734375,-0.0033502578735351562,0,0
372,1,0.008103313,265,0.7123655913978495,107,0.28763440860215056,23.0,1.0,7.996700286865234,-0.003170013427734375,0,0
373,0,9.2168135e-05,265,0.710455764075067,108,0.289544235924933,24.0,0.0,7.981985092163086,0.014715194702148438,0,0
374,1,0.008101828,266,0.7112299465240641,108,0.2887700534759358,23.0,1.0,7.985284805297852,-0.003299713134765625,0,0
375,2,-0.008335752,267,0.712,108,0.288,24.0,-1.0,7.988707542419434,-0.0034227371215820312,0,0
376,0,7.7213095e-05,267,0.7101063829787234,109,0.2898936170212766,24.0,0.0,7.975285053253174,0.013422489166259766,0,0
377,2,-0.008337672,268,0.7108753315649867,109,0.2891246684350133,25.0,-1.0,7.978872299194336,-0.0035872459411621094,0,0
378,1,0.00809972,269,0.7116402116402116,109,0.28835978835978837,24.0,1.0,7.982357025146484,-0.0034847259521484375,0,0
379,2,-0.008336072,270,0.712401055408971,109,0.287598944591029,25.0,-1.0,7.985804557800293,-0.0034475326538085938,0,0
380,0,3.2187254e-05,270,0.7105263157894737,110,0.2894736842105263,25.0,0.0,7.976274013519287,0.00953054428100586,0,0
381,1,0.0080992365,271,0.7112860892388452,110,0.2887139107611549,24.0,1.0,7.97980260848999,-0.003528594970703125,0,0
382,2,-0.008336577,272,0.7120418848167539,110,0.2879581151832461,25.0,-1.0,7.9832916259765625,-0.0034890174865722656,0,0
383,1,0.008101278,273,0.7127937336814621,110,0.28720626631853785,24.0,1.0,7.986645221710205,-0.003353595733642578,0,0
384,2,-0.008335092,274,0.7135416666666666,110,0.2864583333333333,25.0,-1.0,7.990004539489746,-0.0033593177795410156,0,0
385,3,-0.008334268,275,0.7142857142857143,110,0.2857142857142857,26.0,-1.0,7.993291854858398,-0.0032873153686523438,0,0
386,1,0.008103442,276,0.7150259067357513,110,0.2849740932642487,25.0,1.0,7.996460437774658,-0.0031685829162597656,0,0
387,1,0.008104979,277,0.7157622739018088,110,0.2842377260981912,24.0,1.0,7.999496936798096,-0.0030364990234375,0,0
388,2,-0.0083319815,278,0.7164948453608248,110,0.28350515463917525,25.0,-1.0,8.002584457397461,-0.0030875205993652344,0,0
389,0,8.530142e-05,278,0.7146529562982005,111,0.2853470437017995,25.0,0.0,7.988462924957275,0.014121532440185547,0,0
390,2,-0.008334326,279,0.7153846153846154,111,0.2846153846153846,26.0,-1.0,7.991751670837402,-0.003288745880126953,0,0
391,1,0.008103124,280,0.7161125319693095,111,0.28388746803069054,26.0,1.0,7.994951248168945,-0.0031995773315429688,0,0
392,1,0.008104688,281,0.7168367346938775,111,0.28316326530612246,25.0,1.0,7.998016357421875,-0.0030651092529296875,0,0
393,2,-0.008332139,282,0.7175572519083969,111,0.2824427480916031,26.0,-1.0,8.001113891601562,-0.0030975341796875,0,0
394,2,-0.008331794,283,0.7182741116751269,111,0.2817258883248731,27.0,-1.0,8.004180908203125,-0.0030670166015625,0,0
395,4,0.008105727,284,0.7189873417721518,111,0.2810126582278481,26.0,1.0,8.007158279418945,-0.0029773712158203125,0,0
396,1,0.00810793,285,0.7196969696969697,111,0.2803030303030303,25.0,1.0,8.0099458694458,-0.0027875900268554688,0,0
397,2,-0.008330571,286,0.7204030226700252,111,0.2795969773299748,26.0,-1.0,8.01290512084961,-0.0029592514038085938,0,0
398,1,0.00810894,287,0.7211055276381909,111,0.27889447236180903,25.0,1.0,8.015606880187988,-0.0027017593383789062,0,0
399,2,-0.00832964,288,0.7218045112781954,111,0.2781954887218045,26.0,-1.0,8.018484115600586,-0.0028772354125976562,0,0
400,1,0.008110224,289,0.7225,111,0.2775,25.0,1.0,8.021076202392578,-0.0025920867919921875,0,1
